nro,id,tarea,pregunta,opciones,texto,tu_respuesta
1,C09_006,C09,How should this forum comment be moderated?,acceptable | harassment | spam | misinformation | off_topic,"forum: Sleepy Parents Circle
thread_title: When to start sleep training
comment: honestly sleep training at 4 months worked way better for us than waiting till 6 like our pediatrician suggested, but every kid really is different",acceptable
2,C05_061,C05,Which scientific field does this paper primarily belong to?,astronomy | ecology | genetics | neuroscience | materials_science | organic_chemistry | climate_science | particle_physics | epidemiology | computer_vision | linguistics | geology,"Between packing lunches and finally sitting down after the kids went to bed I ran the computational study we'd been talking about for weeks, modeling the transition state energies for a set of six possible pathways by which our starting epoxide could open under acidic conditions, and it turns out the pathway everyone assumed was dominant, the one going through the more substituted carbon, actually sits about 3 kcal/mol higher than the alternative route through the less hindered carbon once you properly account for solvent stabilization of the developing positive charge, which would flip which regiochemical outcome we should expect experimentally, so now I've got to go back and recheck the actual reaction yields from last month against this before anyone gets too excited about it.",organic_chemistry
3,C06_069,C06,What does the user want the assistant to do?,lights_on | lights_off | dim_lights | set_thermostat | play_music | pause_music | volume_up | volume_down | set_timer | set_alarm | weather_query | add_to_shopping_list | lock_door | unlock_door | start_vacuum | check_camera | call_contact | read_calendar | turn_on_tv | other,"Just got in soaked to the bone despite what my phone told me this morning, so what's actually happening out there right now, and should I brace for round two later tonight.",weather_query
4,C08_024,C08,Which language or technology is this question primarily about?,python | javascript | sql | rust | java | css | bash | git | docker | r | go | cpp,"ok this ones driving me nuts. i got two divs stacked on top of each other, first one has margin-bottom: 40px second one has margin-top: 40px, i expect 80px of gap between them but the browser only shows 40px like the two margins just... merged into one. tried it with padding instead and it worked fine, full 80px gap no problem. also noticed it only happens when the divs are siblings with nothing else between them, soon as i throw an empty div with a tiny border in the middle the full 80px shows up again like magic. same thing happens between a parent and its first child, if the parent has no border or padding on top the childs margin-top just leaks out and pushes the parent down instead of pushing the child down inside it, which took me way too long to figure out was even happening bc visually it just looked like the parent had a weird gap above it. is this some kind of quirky rule about adjacent margins combining instead of adding, and does the invisible border trick actually count as a real fix or is it just a hack that happens to work",css
5,H01_061,H01,Did the team lose their game on Saturday?,yes_lost_badly | no_won_easily | game_postponed | no_game_played | cannot_determine,"- coach added 6am practices this week, no explanation needed after we got run off our own court by 40 on saturday
- bring running shoes, apparently we're 'building character' now",yes_lost_badly
6,S08_050,S08,What star rating does this review most likely correspond to?,"0 = 1 star: very negative; the product failed or is terrible; would not recommend | 1 = 2 stars: mostly negative with a minor positive | 2 = 3 stars: mixed or mediocre; pros and cons balance out | 3 = 4 stars: mostly positive with minor complaints | 4 = 5 stars: enthusiastic, no real complaints","this blender is an absolute unit, crushes ice like it's nothing and cleanup takes like 10 seconds. genuinely no notes, would buy again in a heartbeat.",4
7,C05_057,C05,Which scientific field does this paper primarily belong to?,astronomy | ecology | genetics | neuroscience | materials_science | organic_chemistry | climate_science | particle_physics | epidemiology | computer_vision | linguistics | geology,"been theory-crafting a new loss function that penalizes the model harder for missing small objects in a frame vs big ones, since our detector always misses the tiny stuff, math checks out on paper so now just gotta train it lol.",computer_vision
8,C08_000,C08,Which language or technology is this question primarily about?,python | javascript | sql | rust | java | css | bash | git | docker | r | go | cpp,"piping my python scrpits stdout into a while loop but spaces in filenames keep splitting the lines, whats the idiomatic way to use IFS= read -r safely instead of relying on word splitting",python
9,N03_054,N03,Does the passage contain the information needed to answer the question?,true | false,"question: How many switchbacks does the Bluevein Trail have on its final ascent?
passage: I walked the Bluevein Trail just last autumn, a distance of some 4.6 miles by my pedometer's reckoning, and found the final ascent rather taxing for a man of my years, winding as it does through a great many turns before reaching the overlook.",FALSE
10,S06_020,S06,How urgent is this helpdesk request?,"0 = Can wait: a question or minor request with no deadline and little impact | 1 = Soon: affects someone's work or has a deadline within days | 2 = Immediate: work is stopped for many people, a security incident, or a deadline within hours","lowkey not trying to be that person but literally nobody in the whole building can send or receive email right now, its been like 20 mins. probably nbd and will fix itself lol but figured i'd mention it just in case, half my team is just sitting here staring at their screens.",2
11,S04_046,S04,"What audience is this explanation written for, based on its technical complexity?","0 = For a young child: everyday words and analogies, no technical terms | 1 = For a general adult audience: a few technical terms, each explained | 2 = For a knowledgeable hobbyist or student: uses field terminology without explaining the basics | 3 = For experts: dense jargon, formulas or specialized notation, assumes deep background","In my day we called it 'parsing the source', the compiler tokenizes the input, builds a parse tree, runs it through several optimization passes, then emits assembly for the target architecture.",2
12,S03_059,S03,How formal is the language of this text?,"0 = Very informal: slang, abbreviations, emojis, no capitalization, chat-style | 1 = Casual: relaxed everyday language with contractions and a friendly tone | 2 = Neutral: standard, clear language suitable for most contexts | 3 = Formal: professional register, complete sentences, polite conventions, few contractions | 4 = Very formal: ceremonial or legalistic language, elaborate courtesy, rigid structure",Thank you for the information you provided during our call yesterday. It clarified the next steps for the application process.,3
13,S03_028,S03,How formal is the language of this text?,"0 = Very informal: slang, abbreviations, emojis, no capitalization, chat-style | 1 = Casual: relaxed everyday language with contractions and a friendly tone | 2 = Neutral: standard, clear language suitable for most contexts | 3 = Formal: professional register, complete sentences, polite conventions, few contractions | 4 = Very formal: ceremonial or legalistic language, elaborate courtesy, rigid structure","Hey Priya, just wanted to give you a heads-up that I moved our 1:1 to Thursday since I've got a dentist appointment Wednesday morning. Also, I finally finished up the slides for the client deck, they're in the shared folder if you want to take a peek before we send them out. Let me know if anything looks off, otherwise I think we're good to go!",1
14,C04_029,C04,Which cuisine does this recipe belong to?,italian | mexican | japanese | indian | french | thai | korean | moroccan,"For Sunday supper I still prepare my late husband's favorite: lamb shoulder simmered for hours in a conical clay tagine with dried apricots, almonds, cinnamon, and a thread of saffron, until the meat yields to the gentlest touch of a fork.",moroccan
15,T01_040,T01,"How bullish or bearish is this tweet about the stock mentioned, considering both the author's view and the news it reports?","0 = Strongly bearish: the author's view or the reported news points clearly to a large fall (selling, shorting, severe bad news) | 1 = Mildly bearish: leans negative; suggests some decline or underperformance | 2 = Neutral: no directional implication (routine or in-line news, balanced views, or undecided) | 3 = Mildly bullish: leans positive; suggests some gains | 4 = Strongly bullish: the author's view or the reported news points clearly to a large rise (buying heavily, hype, major good news)","Tavistock Semiconductors just broke out above 18-month resistance on volume 6x the daily average, and three separate desks raised price targets by more than 50% within the hour. $TVSC",4
16,S10_025,S10,How experienced in the hobby is the person who wrote this post?,"0 = Complete beginner: brand new, does not know basic terminology | 1 = Novice: knows a few basic terms but struggles with fundamentals | 2 = Advanced beginner: understands the basics and is learning to apply them | 3 = Intermediate: comfortable with core techniques, working on refinement | 4 = Advanced amateur: deep technical knowledge, specialized equipment, consistent results | 5 = Semi-professional: occasionally paid for the work, discusses workflow and clients | 6 = Seasoned expert: many years of experience, teaches others, industry-level nuance","Switched to a two-stage fermentation this batch after reading it helps with clarity, racked to secondary at day ten, still following the timeline from the kit instructions exactly.",2
17,S09_024,S09,How risky is the described outdoor activity for the people involved?,0 = Negligible risk: routine activity in safe conditions | 1 = Low risk: minor hazards that are well managed | 2 = Elevated risk: notable hazards or missing precautions that could cause injury | 3 = Severe risk: conditions or behavior likely to cause serious injury or death,"On paper, Thursday's outing sounds like the kind of thing that makes non-climbers nervous: a five-pitch alpine route up the east buttress, complete with an exposed knife-edge traverse partway up that photographs dramatically enough to have made our club's calendar twice. In practice, every pitch is bolted with modern hardware replaced last year, we're climbing with two guides who've done this exact route more than sixty times, everyone's on belay the entire way including across the traverse, and we're turning around at the first sign of the afternoon clouds that typically roll in around 2pm. It looks like an adventure movie; it runs like a well-rehearsed drill.",2
18,S07_029,S07,"How well does the answer address the question that was asked? (Judge relevance and completeness, not factual accuracy.)",0 = Does not address the question at all: off-topic or a refusal | 1 = Touches the topic but does not answer what was asked | 2 = Partially answers: addresses the question but misses an important part | 3 = Fully answers the question directly and completely,"question: What documents do I need to renew my passport before an international trip?
answer: This channel only handles booking confirmations and itinerary questions — passport renewal requirements are set by your national government, so you'll need to check your country's consular or passport office website directly for the current document list and processing times.",3
19,C03_048,C03,What is the main topic of this news article?,politics | sports | science | health | technology | entertainment | crime_justice | weather_environment,"okay Brightwell University's volleyball team just clinched the conference title for the first time in like 15 years and the gym was UNHINGED last night. they beat Cross Valley State in five sets, last one going to 19-17, and captain Marisol Trejo had a season-high 24 kills. students literally rushed the court after match point lol, campus security did not know what to do with themselves.",sports
20,N03_036,N03,Does the passage contain the information needed to answer the question?,true | false,"question: How many parking permits can a single graduate student purchase per semester at Pinebridge University?
passage: Hey so if you're heading to Pinebridge for grad school, campus parking is honestly one of those things everyone complains about at orientation! The garage on Fifth Street is closest to the science building but it fills up crazy fast, so a lot of students end up parking in the overflow lot by the stadium and taking the shuttle in. The shuttle runs every fifteen minutes during the day and every thirty minutes after 6pm, which honestly isn't bad once you get used to the schedule!",FALSE
21,N06_037,N06,Is this email a phishing attempt?,true | false,"From: QuillDocs Notifications <share@quilldocs-fileview.net>
Subject: A file was shared with you: ""Q3_Contract_Review_FINAL.pdf""

Hey there! Hope your week's going great so far. Just popping in to let you know that someone shared a document called ""Q3_Contract_Review_FINAL.pdf"" with you through our platform — looks like it might be contract related, so probably worth a look sooner rather than later!

To open it, just head over to quilldocs-fileview.net/open?id=88231 and sign in with whichever work email and password you normally use for your document accounts (it should recognize most major providers automatically, so don't worry too much about which one). Once you're logged in the file should load right up, and you can download or forward it from there if needed.

One little thing — the sharer's name came through on our end a bit garbled (just shows as ""Contracts Team"" without a specific person attached), which sometimes happens when files get shared from a mobile device, so don't be alarmed if you don't recognize exactly who sent it, that's pretty normal on our platform honestly.

Also, heads up that this link will expire in 48 hours for security purposes, so if you're planning to look at it, sooner is better than later so you don't have to request it be re-shared!

Thanks so much, and have a wonderful rest of your week!",FALSE
22,S05_031,S05,How polite is this email request?,"0 = Rude: demanding, insulting, or dismissive | 1 = Curt: blunt demand with no greeting or thanks | 2 = Neutral: plain request with basic courtesy | 3 = Polite: greeting, please/thank you, considerate tone | 4 = Very polite: highly deferential, apologizes for imposing, elaborate gratitude","Hi Mr. Castillo, I hope you're doing well. Would you mind taking a look at the attached draft and sharing your feedback sometime this week, whenever works for you? I know things are busy on your end, so there's no rush at all. Thank you so much for taking the time — I really value your input on this one.",4
23,C02_035,C02,Which emotion does the writer primarily express?,joy | sadness | anger | fear | surprise | disgust,"So the doctor said 'nothing to worry about' but also wants me back in for more bloodwork next week, and ever since that call I've reread the after-visit summary about four times looking for what she's not saying.",fear
24,C03_047,C03,What is the main topic of this news article?,politics | sports | science | health | technology | entertainment | crime_justice | weather_environment,"Researchers from the regional agricultural extension office have completed a two-year trial testing drought-resistant wheat varieties on plots outside Millstone. The variety showing the strongest results, a hybrid designated MW-19, produced yields within 8 percent of conventional wheat despite receiving 40 percent less irrigation. Extension officer Daniela Kovač said seed distribution to local farms could begin as early as next planting season, pending final soil-compatibility testing.",science
25,N10_048,N10,Has the main event described in the text already taken place?,true | false,"So Ines and Milo finally got married this past Saturday and honestly I don't think I've stopped moving since Thursday because between picking up my mother-in-law from the airport and ironing my son's one dress shirt that somehow got wrinkled in the garment bag we barely made it to the church on time, but we did, and the ceremony itself was actually beautifully simple, just twenty minutes, no readings that dragged on forever, and Ines cried the whole way down the aisle which set off half the room including me, and then we all drove out to the lake house for the reception where the kids ran wild on the lawn while the adults tried to look civilized during dinner, my youngest fell asleep face down in a plate of cake around nine which is basically a rite of passage at this point, the toasts were sweet if a little too long from the best man who apparently forgot he wasn't giving a TED talk, and the band played way past when they were supposed to stop because nobody wanted to leave, we didn't get back to the hotel until nearly two in the morning and I am still finding bobby pins in my bag from helping Ines get ready that morning, but seeing her and Milo dance their first dance while both sets of parents just stood there crying was worth every bit of the chaos leading up to it, and now I just need about three days of sleep to recover.",
26,H01_015,H01,What day does the repaving work start?,monday | friday | wednesday | next_week | cannot_determine,"PSA for anyone on Birchwood Lane: the city is repaving our street starting Monday and it'll be closed to through traffic all week, so plan your parking accordingly unless you enjoy the thrill of towing fees. They say it should wrap up by Friday, weather permitting, which around here is basically a coin flip. Move your cars off the street by 7am Monday or the crew will do it for you, and not gently.",Monday
27,N06_041,N06,Is this email a phishing attempt?,true | false,"From: Solace Cloud Account Team <account-notice@solace-cloud-verify.com>
Subject: Unusual activity detected — response required

So, apparently your Solace Cloud account has been doing things without you. Wild, I know. Our system flagged what it's calling 'unusual activity' from a location it refuses to specify beyond 'not your usual one,' which is either Eastern Europe or your cousin's basement, hard to say.

Here's the thing though — we can't actually do anything about it until you confirm it's really you. Standard stuff: click the link below, log in with your usual Solace email and password, and while you're at it, go ahead and re-enter the backup phone number and recovery email on file too, since apparently ours got 'corrupted' during a recent update (don't ask us how, we didn't build this system, we just work here):

solace-cloud-verify.com/confirm-identity

If you don't do this within 24 hours, the account gets suspended 'as a precaution,' which is corporate speak for 'we're covering ourselves.' Look, we get that this sounds like exactly the kind of email people tell you to be suspicious of. All we can say is: it isn't, this time. Probably.

Anyway, get on it when you can. Or don't, and enjoy explaining to your team why the shared drive vanished.

- The Solace Team",TRUE
28,C01_034,C01,Which team should handle this customer support ticket?,account_access | billing | bug_report | feature_request | cancellation,"Can we get version history for individual layers in Palette Board, not just the whole board? Right now if I want to undo one bad decision from an hour ago, I have to time-travel the entire canvas back with it, undoing three other people's good decisions in the process. A per-layer history would save everyone some grief.",feature_request
29,N07_001,N07,Does the review mention a problem with shipping or delivery?,true | false,"Nothing wrong with the actual robot dinosaur itself, mind you — no missing gears, no dead batteries, no factory defect to speak of. The trouble started before it ever reached us: the courier apparently used the box as a stepping stool, because it showed up with the roof caved in and one leg jutting clean through the cardboard. Impressive engineering, tragic handling. My daughter loves it anyway, dented skull and all.",TRUE
30,S05_059,S05,How polite is this email request?,"0 = Rude: demanding, insulting, or dismissive | 1 = Curt: blunt demand with no greeting or thanks | 2 = Neutral: plain request with basic courtesy | 3 = Polite: greeting, please/thank you, considerate tone | 4 = Very polite: highly deferential, apologizes for imposing, elaborate gratitude","The lease agreement sent yesterday is missing page 3, which covers the renewal terms and the early termination clause. I need the complete version to file with the property office before their Wednesday cutoff. The copy on record at my end only goes up to page 2, so I can't tell if anything else was left out. Could you resend the full document with that page included?",1
31,N08_010,N08,Is the user asking to talk to a human agent?,true | false,"So funny story — I switched my plan last month because my sister said the new one has more data, but now my bill looks nothing like what she described. Can you just tell me what's actually included in it?",FALSE
32,S02_017,S02,How frustrated is the customer?,"0 = Calm and neutral: no sign of annoyance | 1 = Mildly inconvenienced: slight annoyance but patient and friendly | 2 = Clearly frustrated: complains about the problem and expresses dissatisfaction | 3 = Very frustrated: mentions repeated failures, strong complaints, patience running out | 4 = Furious: hostile, threatens to leave or escalate, may use all caps or insults","I switched to the new unlimited plan last week and noticed my data speed drops noticeably after around 30GB of use, which I hadn't seen mentioned anywhere when I signed up. It hasn't really messed up anything I do day to day, streaming still works fine even if it takes a second longer to load, but I was curious whether that's expected or if something on my end might be off. Either way, no complaints about the switch overall - just wanted to check.",1
33,N07_035,N07,Does the review mention a problem with shipping or delivery?,true | false,"Concerns before ordering:
- Worried perishables might sit at a hub over the weekend
Actual outcome:
- Arrived next day as scheduled, all items still cold
- Only issue: the granola was slightly stale, likely close to its date",FALSE
34,C02_007,C02,Which emotion does the writer primarily express?,joy | sadness | anger | fear | surprise | disgust,"After reading the screenshots of what she'd actually written about me to the group, forwarded by someone who thought I needed to see it, I scrubbed my phone screen like it had touched something rotten.",
35,C01_007,C01,Which team should handle this customer support ticket?,account_access | billing | bug_report | feature_request | cancellation,"I want to lay out the full timeline here because I think context matters. Three weeks ago, my notes in Marginalia stopped syncing across devices for about thirty-six hours — notes I wrote on my tablet didn't show up on my laptop until the next evening, which was frustrating mid-project, though it did eventually resolve itself after what I assume was a fix on your end, since everything has been syncing perfectly since. That's really just background, though, not the reason I'm writing. The actual issue is my October statement. I'm enrolled in the annual Plus plan, which I upgraded to in July specifically to get the discounted yearly rate of $54, locked in for twelve months per the confirmation email I still have saved. When I pulled up my card statement this week, I found two separate charges from Marginalia: one for $54 on July 14th, exactly as expected, and then a second charge for $89 on October 2nd that I never authorized and that doesn't correspond to any plan change I made. I did not switch tiers, I did not add seats, and I did not purchase any of the optional template packs. I've checked my account settings and it still shows the annual Plus plan with a renewal date of next July, so there's no obvious reason a mid-cycle charge at a different price point should have gone through at all. Could someone look into where that $89 charge originated and reverse it if it was made in error? I'd also appreciate an itemized receipt for both charges so I can reconcile them against my own records, since the one emailed to me after the second charge just says 'Payment received' with no breakdown.",
36,S07_042,S07,"How well does the answer address the question that was asked? (Judge relevance and completeness, not factual accuracy.)",0 = Does not address the question at all: off-topic or a refusal | 1 = Touches the topic but does not answer what was asked | 2 = Partially answers: addresses the question but misses an important part | 3 = Fully answers the question directly and completely,"question: how do i clear my browser cache and cookies separately?
answer: go to settings > privacy > clear browsing data, then just check the cache box and leave history unchecked.",
37,C04_039,C04,Which cuisine does this recipe belong to?,italian | mexican | japanese | indian | french | thai | korean | moroccan,"made a big pot of dal tonight, red lentils boiled soft with turmeric, then i do a tadka on top, ghee, cumin seed, garlic, and dried red chile fried till fragrant and poured sizzling right over the lentils.",
38,C09_019,C09,How should this forum comment be moderated?,acceptable | harassment | spam | misinformation | off_topic,"forum: Meeple Exchange
thread_title: Is Wingspan worth the expansion cost?
comment: Unrelated to the expansions, but does anyone know a reliable method for calibrating a digital kitchen scale? Mine's been reading inconsistently for weeks.",
39,C05_045,C05,Which scientific field does this paper primarily belong to?,astronomy | ecology | genetics | neuroscience | materials_science | organic_chemistry | climate_science | particle_physics | epidemiology | computer_vision | linguistics | geology,"ran the full f2 cross this month, 340 pups total from 22 litters, and honestly the part that ate the most time wasnt the breeding itself, it was scoring coat color. we trained a little image classifier on photos of each pup's back to sort them into the three expected color classes automatically instead of us squinting at every single pup under the same bad fluorescent light in the mouse room, which saved a ton of hours and the classifier agreed with our manual calls on like 97% of pups we double checked by hand. but the actual point of the cross was testing whether the coat locus and the newer tail-kink locus we mapped last year segregate independently or are linked. counted up all 340 pups by genotype at both markers (ran pcr and gel on tail snips for every single one, that part took foreverr) and the recombinant classes came out at about 9% of the total instead of the 25% youd expect if the loci were unlinked, which is a pretty clear signal theyre sitting close together on the same chromosome, maybe 9 cm apart based on the recombination frequency. gonna redo the pcr genotyping on a subset just to make sure we didnt mess up any samples during the tail-snip extraction, we had a couple tubes get mislabeled last time and dont want that messing up the map distance estimate. if this holds up it'll be worth pushing the fine-mapping further since 9 cm is tight enough that a candidate gene search in that interval is actually doable now.",
40,S09_056,S09,How risky is the described outdoor activity for the people involved?,0 = Negligible risk: routine activity in safe conditions | 1 = Low risk: minor hazards that are well managed | 2 = Elevated risk: notable hazards or missing precautions that could cause injury | 3 = Severe risk: conditions or behavior likely to cause serious injury or death,"Rip current advisory's up at Crescent Bay and the lifeguard tower's empty for the season, but sure, let's do our usual mile swim out past the sandbar anyway, what's the worst that happens.",
41,C08_051,C08,Which language or technology is this question primarily about?,python | javascript | sql | rust | java | css | bash | git | docker | r | go | cpp,"Given an array of order objects, chaining filter() to drop cancelled ones, map() to pull totals, then reduce() to sum them reads cleanly, but at 50,000 orders it now visibly stutters the page, are three separate passes really the bottleneck?",
42,S01_035,S01,How severe is the reported bug?,"0 = Cosmetic: a visual or wording problem; functionality is unaffected | 1 = Minor: a feature misbehaves in an edge case or is inconvenient, and an easy workaround exists | 2 = Major: a core feature is broken or gives wrong results for many users; workarounds are painful or partial | 3 = Critical: crash, data loss, security hole, or the whole product is unusable, with no workaround","ok so this isn't a big deal at all but i figured i'd mention it since i noticed it like three days in a row now lol. on my OrbitWatch, after i finish a workout and it shows me the little summary screen with calories and heart rate zones and all that, the border around the calories number is this bright pink color for like half a second before it settles into the normal white the rest of the screen uses. like a weird flash almost, kinda looks like the app glitching for a split second but it's literally just that one border, everything else on the summary is completely normal — the numbers are right, matches what my chest strap said too when i double checked, the workout saves to my history fine, syncs to the app on my phone with zero issues, the achievement badge popped up like normal when i hit my step goal later that day. it's honestly kind of funny more than annoying at this point, my roommate thought i was messing with theme settings when she saw it happen once. anyway just wanted to flag it in case nobody else noticed, not urgent at all obviously, just weird to look at.",
43,C06_068,C06,What does the user want the assistant to do?,lights_on | lights_off | dim_lights | set_thermostat | play_music | pause_music | volume_up | volume_down | set_timer | set_alarm | weather_query | add_to_shopping_list | lock_door | unlock_door | start_vacuum | check_camera | call_contact | read_calendar | turn_on_tv | other,"My hands are full with hot pot from stove, my husband is outside garage with big boxes, please make so he can come in without needing key.",
44,S04_005,S04,"What audience is this explanation written for, based on its technical complexity?","0 = For a young child: everyday words and analogies, no technical terms | 1 = For a general adult audience: a few technical terms, each explained | 2 = For a knowledgeable hobbyist or student: uses field terminology without explaining the basics | 3 = For experts: dense jargon, formulas or specialized notation, assumes deep background","Plants eat sunlight like food. They take the light from the sun and the air, and this become their food to grow big and green.",
45,N05_020,N05,Do the two records describe the same product (same model and same variant)?,true | false,"record_a: Viewnest Curve 24 monitor. Panel: 23.8"" VA, curved 1500R. Resolution: 1920x1080 @ 75Hz. Ports: HDMI 1.4, VGA. Stand: tilt only, no height adjustment. Color: black.
record_b: Viewnest Curve 27 monitor. Panel: 27"" IPS, flat. Resolution: 2560x1440 @ 144Hz. Ports: HDMI 2.0, DisplayPort 1.4, USB-C. Stand: full ergonomic — tilt, swivel, height. Color: black.",
46,S01_051,S01,How severe is the reported bug?,"0 = Cosmetic: a visual or wording problem; functionality is unaffected | 1 = Minor: a feature misbehaves in an edge case or is inconvenient, and an easy workaround exists | 2 = Major: a core feature is broken or gives wrong results for many users; workarounds are painful or partial | 3 = Critical: crash, data loss, security hole, or the whole product is unusable, with no workaround","In BrightPath, when I try to upload my homework file that is bigger than 10MB, it show error message and file does not upload. But if I compress the file to zip first, it upload without any problem every time. This happen only for the big files, small ones upload normal always, so I just zip the big ones now before sending.",
47,T01_121,T01,"How bullish or bearish is this tweet about the stock mentioned, considering both the author's view and the news it reports?","0 = Strongly bearish: the author's view or the reported news points clearly to a large fall (selling, shorting, severe bad news) | 1 = Mildly bearish: leans negative; suggests some decline or underperformance | 2 = Neutral: no directional implication (routine or in-line news, balanced views, or undecided) | 3 = Mildly bullish: leans positive; suggests some gains | 4 = Strongly bullish: the author's view or the reported news points clearly to a large rise (buying heavily, hype, major good news)","BREAKING: $RDWD Q3 revenue comes in 22% below consensus, guidance for the next two quarters pulled entirely citing 'demand uncertainty.' Shares halted for volatility.",
48,C10_007,C10,Which aspect of the hotel is this review mainly about?,cleanliness | staff_service | location | room_comfort | food | other,"The mattress had a valley precisely where my hip landed, deep enough that I woke up several times having rolled into the middle despite it being, nominally, two people's worth of bed. Above the sliding door, the air conditioning unit dripped onto the tile at intervals I eventually timed at every ninety seconds, a sound that became the actual soundtrack of the trip. What we'd booked as an 'ocean view' turned out to require leaning over the balcony railing at a near-dangerous angle and looking left, past the generator housing, to catch a triangle of blue about the size of a postcard.",
49,C04_040,C04,Which cuisine does this recipe belong to?,italian | mexican | japanese | indian | french | thai | korean | moroccan,"Quick side that always disappears fast — morning glory stir-fried hot and hard with garlic, bird's eye chilies, a splash of fish sauce, and a spoon of fermented soybean paste, done in under two minutes so it stays crisp!",
50,N09_003,N09,Do these meeting notes assign a specific task to a specific person?,true | false,"Mr. Whitfield mentioned that he intends to have the launch invitations posted to the printer no later than Tuesday next, so that the mailing may proceed on schedule.",
51,C06_044,C06,What does the user want the assistant to do?,lights_on | lights_off | dim_lights | set_thermostat | play_music | pause_music | volume_up | volume_down | set_timer | set_alarm | weather_query | add_to_shopping_list | lock_door | unlock_door | start_vacuum | check_camera | call_contact | read_calendar | turn_on_tv | other,"heading out the door in a sec, what've i got going on later today again? totally blanked",
52,H01_031,H01,Will the writer likely make their connecting flight?,likely_to_miss | plenty_of_time | flight_cancelled | already_missed | cannot_determine,"I just spent forty minutes on hold with the airline only to be told my connecting flight now leaves from a terminal that's a fifteen-minute shuttle ride away, so if my connection was tight before, it's basically impossible now.",
53,S07_016,S07,"How well does the answer address the question that was asked? (Judge relevance and completeness, not factual accuracy.)",0 = Does not address the question at all: off-topic or a refusal | 1 = Touches the topic but does not answer what was asked | 2 = Partially answers: addresses the question but misses an important part | 3 = Fully answers the question directly and completely,"question: How long should I bake a whole chicken at 375°F, and should I cover it with foil while it cooks?
answer: A whole chicken at 375°F will generally need about an hour and twenty minutes, or until the thickest part of the thigh reads 165°F on a thermometer.",
54,S06_038,S06,How urgent is this helpdesk request?,"0 = Can wait: a question or minor request with no deadline and little impact | 1 = Soon: affects someone's work or has a deadline within days | 2 = Immediate: work is stopped for many people, a security incident, or a deadline within hours","So funny story, I was cleaning out my old project folders on the shared drive yesterday, mostly just reminiscing over stuff from two years ago, and I noticed the 'Archive' folder is named 'Archvie', just a typo, been like that since before I joined apparently. Doesn't break anything, everyone still finds it fine. Just thought someone might want to rename it eventually, whenever there's nothing better to do.",
55,S05_008,S05,How polite is this email request?,"0 = Rude: demanding, insulting, or dismissive | 1 = Curt: blunt demand with no greeting or thanks | 2 = Neutral: plain request with basic courtesy | 3 = Polite: greeting, please/thank you, considerate tone | 4 = Very polite: highly deferential, apologizes for imposing, elaborate gratitude","I'm terribly sorry to add to your plate, but whenever you have a free moment, would you mind granting me access to the shared drive? I'd be endlessly grateful for your help.",
56,C10_031,C10,Which aspect of the hotel is this review mainly about?,cleanliness | staff_service | location | room_comfort | food | other,"The gentleman who checked us in at 2am somehow still had energy to crack jokes and print us a map to the terminal, made a rough red-eye so much easier!",
57,C03_017,C03,What is the main topic of this news article?,politics | sports | science | health | technology | entertainment | crime_justice | weather_environment,"the capital derby lived up to the hype last nite. Ashford United beat Capital Rovers 3-1 in front of 52,000 fans at Iron Gate Stadium, and honeslty rovers never looked like they belonged on the pitch after the 30th minute. Kellan Vance scored twice for united, his 2nd and 3rd goals of the season, and the winner came off a deflected free kick that keeper Marcus Oduya had no chance on. rovers manager Petar Ilic said after the match his side 'lost their shape early and never found it again,' which is coach-speak for 'we got outplayed.' united moves up to 2nd in the table with the win, 3 pts behind leaders Northgate. rovers drop to 7th and now face a tricky run of fixtures including next weekend's trip to Northgate themselves. fans streamed out of iron gate chanting united's captain's name well after the final whistle, and local pubs around the stadium reportedly stayed open two hours past normal closing to accomodate the crowd.",
58,N10_007,N10,Has the main event described in the text already taken place?,true | false,"Concert night checklist:
- Doors: 7 PM
- Opening act: 7:30
- Headliner: 9 PM
- Merch table opens at doors",
59,N05_031,N05,Do the two records describe the same product (same model and same variant)?,true | false,"record_a: tandrel pro34 monitor. 34in ultrawide curved, 3440x1440 resolution, 100hz refresh. usb-c hub built in. color black. comes w stand n cables. barely used couple months.
record_b: tandrel pro27 monitor for sale. 27in flat screen, 1920x1080 only, 60hz refresh. no usb-c just hdmi n vga. color black also. stand included, older unit bout 2 years used.",
60,C10_000,C10,Which aspect of the hotel is this review mainly about?,cleanliness | staff_service | location | room_comfort | food | other,"I went to Nomad Bunkhouse expecting to fend for myself, the way you do at these places. Instead, the guy behind the desk, Marek, spent twenty minutes redrawing my entire train itinerary after I showed up on the wrong day, then walked me two blocks to a currency exchange that wasn't closing for once. He also noticed my rain jacket was soaked and hung it by the boiler without me asking. The dorm beds were the usual plywood, the shower had one temperature (lukewarm), but somehow none of that bothered me by the end.",
61,C07_030,C07,Which specialty department should this patient message be routed to?,cardiology | dermatology | gastroenterology | neurology | orthopedics | ophthalmology,"Over the last three weeks of basketball season I've noticed something that's started to genuinely affect my game, which is saying something since I've played competitively for eleven years and know my own baseline pretty well. During the second half of nearly every game, once the gym lights and the sweat and the general fatigue set in, a small dark smudge, almost like a floating speck, drifts into the center of whatever I'm looking at, particularly when I glance up toward the scoreboard or track a pass coming from the far end of the court. It doesn't stay in one spot; it seems to drift around, and blinking hard only moves it rather than clearing it. I've also started misjudging distances I normally wouldn't think twice about, like the exact release point for a three-point shot, to the point where my coach asked if something was off with my shooting mechanics, which it isn't. There's no pain associated with any of this, and it doesn't happen at all during practices in daylight through the side windows, only under the overhead gym lighting at night games. I'd like to get this looked at before the playoffs start in a month, since it's clearly not going away on its own and seems to be happening slightly more often each week.",
62,C07_055,C07,Which specialty department should this patient message be routed to?,cardiology | dermatology | gastroenterology | neurology | orthopedics | ophthalmology,"My father fell off a step stool three days ago and landed on his right hip. He has been unable to bear weight on that leg since, and the leg appears slightly shorter and turned outward compared to the other side. He is in significant pain even at rest. He needs to be evaluated as soon as possible.",
63,S08_041,S08,What star rating does this review most likely correspond to?,"0 = 1 star: very negative; the product failed or is terrible; would not recommend | 1 = 2 stars: mostly negative with a minor positive | 2 = 3 stars: mixed or mediocre; pros and cons balance out | 3 = 4 stars: mostly positive with minor complaints | 4 = 5 stars: enthusiastic, no real complaints","color is actually really pretty in person ngl, that's like the one good thing i can say. but the corners started peeling up after like a week and now it doesn't even sit flush on my phone anymore, and the cutout for the charging port is slightly off so my cable doesn't always plug in right. probably not buying this brand again tbh.",
64,N06_035,N06,Is this email a phishing attempt?,true | false,"From: Northgate IT Helpdesk <helpdesk@northgate-corp.com>
Subject: printer on 4th floor finally fixed (you're welcome)

So after three service calls and one very confused technician who kept blaming the humidity, the 4th floor printer is finally back online, feel free to go print that 40-page report you've been holding onto since Tuesday.",
65,N08_017,N08,Is the user asking to talk to a human agent?,true | false,Fourth time this month my 'unlimited' data has magically run out by the fifteenth. I'd love to hear a real explanation from an actual person instead of another canned message about fair usage policies.,
66,N02_040,N02,Does the text contain personal data that identifies or contacts a specific private individual?,true | false,"found a wallet near the bus stop on maple ave yesterday, brown leather, had a library card inside but no cash. if its yours just call me at 630-221-9948 and describe whats in it before i hand it over, just to be safe",
67,N02_009,N02,Does the text contain personal data that identifies or contacts a specific private individual?,true | false,"Saw the listing this morning and got so excited I nearly spilled my coffee, anyway, could we do a walkthrough this weekend, easiest way to reach me is my cell, 480-233-7765, since I'm between meetings most of the day.",
68,S10_029,S10,How experienced in the hobby is the person who wrote this post?,"0 = Complete beginner: brand new, does not know basic terminology | 1 = Novice: knows a few basic terms but struggles with fundamentals | 2 = Advanced beginner: understands the basics and is learning to apply them | 3 = Intermediate: comfortable with core techniques, working on refinement | 4 = Advanced amateur: deep technical knowledge, specialized equipment, consistent results | 5 = Semi-professional: occasionally paid for the work, discusses workflow and clients | 6 = Seasoned expert: many years of experience, teaches others, industry-level nuance",I play chess for 25 years now. I coach young players for our national junior team and write endgame articles for a chess magazine.,
69,N05_038,N05,Do the two records describe the same product (same model and same variant)?,true | false,"record_a: Maldera BrewBar. Pump espresso machine. 15-bar. Stainless steel.
record_b: Maldera BrewBar. Capsule espresso machine. Single-serve pods. Plastic body.",
70,S02_014,S02,How frustrated is the customer?,"0 = Calm and neutral: no sign of annoyance | 1 = Mildly inconvenienced: slight annoyance but patient and friendly | 2 = Clearly frustrated: complains about the problem and expresses dissatisfaction | 3 = Very frustrated: mentions repeated failures, strong complaints, patience running out | 4 = Furious: hostile, threatens to leave or escalate, may use all caps or insults","Just wanted to flag that my account shows a $340 charge from a phone number I don't recognize, on a device I don't own, billed to my plan last night. I imagine this might be some kind of mix-up on the account or possibly identity theft, so whenever your fraud team has a chance, could they take a look and let me know what they find? No particular timeline needed, just wanted it on your radar so it doesn't get overlooked.",
71,H02_010,H02,Was the budget decided at the meeting?,true | false | unknown,town council meeting got pushed back again because half the members couldn't make it due to the storm last night so nothing on the budget got decided.,
72,S06_037,S06,How urgent is this helpdesk request?,"0 = Can wait: a question or minor request with no deadline and little impact | 1 = Soon: affects someone's work or has a deadline within days | 2 = Immediate: work is stopped for many people, a security incident, or a deadline within hours","Screen in small meeting room has small scratch on corner, still work good, no problem, maybe fix someday when convenient.",
73,N01_042,N01,Is the customer asking for a refund (their money back)?,true | false,"I don't want another shirt in a different size this time, just put the $28 back on my card, and we'll call it even!",
74,N03_030,N03,Does the passage contain the information needed to answer the question?,true | false,"question: What is the elevation at the summit of Thistledown Trail?
passage: Thistledown Trail - Quick Reference
- Trailhead elevation: 2,150 ft, accessed via Forest Road 12
- Trail type: out-and-back, no loop option
- Distance: 7.8 miles round trip
- Difficulty: strenuous, sustained climb over final 2 miles
- Water sources: one seasonal spring at mile 2.4, unreliable after August
- Wildlife: black bear activity reported in berry season, store food properly
- Permits: none required for day use; overnight camping needs a self-issue permit at the trailhead box
- Summit elevation: 5,940 ft, marked by a stone cairn and metal survey marker
- Best season: late June through early October; snow lingers on the upper switchbacks into July most years
- Parking: gravel lot fits about 15 vehicles, fills by 8am on weekends
- Cell service: none beyond mile 1
- Nearest ranger station: Fenwick District Office, 11 miles by road",
75,H02_074,H02,Will the renovation take longer than six months?,true | false | unknown,the city just posted that the library on Elm street is getting renovated starting next month and honestly it's about time because the roof has been leaking for years and they're finally doing something about the parking lot too apparently,
76,C07_040,C07,Which specialty department should this patient message be routed to?,cardiology | dermatology | gastroenterology | neurology | orthopedics | ophthalmology,"Hi! Random one, but this week everything I look at through my right eye seems dimmer and slightly washed out compared to my left, like there's a faint filter over it — anything I should do?",
77,C02_046,C02,Which emotion does the writer primarily express?,joy | sadness | anger | fear | surprise | disgust,"So we're up 2-1 with four minutes left in the league final, Jamie's team, the one they've practiced for since August, and the ref calls the tightest offside I have ever seen in my life on a play where their kid was clearly a full stride onside, waves it off, no VAR at this level obviously so that's just the final word, and the other team scores off the resulting free kick two minutes later to tie it and then wins it in extra time on penalties, and Jamie's coach tried to talk to the ref after the whistle just to ask which linesman made the call and got told to 'take it up with the league office' by a guy who was already halfway to his car. Filed the complaint form online that night, attached the video someone's dad filmed from the sideline that shows the offside line pretty clearly, got an auto-reply saying they'd 'review within 10 business days,' which, fine, except the season's already over by then so what exactly is there left to review. Jamie cried the whole ride home and kept asking why the ref didn't just look again, and I didn't have a real answer for her because I don't have one either, I just kept saying sometimes the calls don't go your way, which felt like a garbage thing to tell an eleven year old who did everything right for eight months straight.",
78,C01_020,C01,Which team should handle this customer support ticket?,account_access | billing | bug_report | feature_request | cancellation,"CloudNook currently has no way to restrict a shared folder link to specific email domains. Anyone with the link can view the contents regardless of where they work, which means we have to vet every recipient manually before sharing anything externally. A domain-restriction option on share links would let us hand off folders to clients without that extra step. This would matter most for teams handling sensitive client files, which is most of our business.",
79,S02_030,S02,How frustrated is the customer?,"0 = Calm and neutral: no sign of annoyance | 1 = Mildly inconvenienced: slight annoyance but patient and friendly | 2 = Clearly frustrated: complains about the problem and expresses dissatisfaction | 3 = Very frustrated: mentions repeated failures, strong complaints, patience running out | 4 = Furious: hostile, threatens to leave or escalate, may use all caps or insults","My delivery is tracking about a day behind the original estimate, which I saw happens sometimes around the holidays. No action needed on my end - I just wanted to check whether the new estimated date is likely to hold, since I'll plan to be home either way. Thanks for the update either way!",
80,S03_030,S03,How formal is the language of this text?,"0 = Very informal: slang, abbreviations, emojis, no capitalization, chat-style | 1 = Casual: relaxed everyday language with contractions and a friendly tone | 2 = Neutral: standard, clear language suitable for most contexts | 3 = Formal: professional register, complete sentences, polite conventions, few contractions | 4 = Very formal: ceremonial or legalistic language, elaborate courtesy, rigid structure","We're hosting a small get-together at our place this Saturday at 6pm to celebrate Maria's promotion, and we'd love for you to join us if you're free.",
81,C09_008,C09,How should this forum comment be moderated?,acceptable | harassment | spam | misinformation | off_topic,"forum: Pixel Archive
thread_title: Underrated NES cartridge mappers
comment: Your understanding of how NES cartridge mappers actually work is embarrassingly shallow, and honestly it shows in every single post you make in this forum.",
82,S09_001,S09,How risky is the described outdoor activity for the people involved?,0 = Negligible risk: routine activity in safe conditions | 1 = Low risk: minor hazards that are well managed | 2 = Elevated risk: notable hazards or missing precautions that could cause injury | 3 = Severe risk: conditions or behavior likely to cause serious injury or death,"- Heading to Cedar Bluff this weekend for some top-rope routes on the west face.
- Anchors are the two bolts we set last season; haven't had them checked by anyone since.
- Sarah's leading the outing, and she's only climbed outdoors twice before this.
- We've got one 60m rope and one set of runners between the four of us.
- Weather looks clear all day, so that part isn't a concern.",
83,H02_076,H02,Will brunch be on a Saturday?,true | false | unknown,"hey so sorry I didn't text back sooner, the morning was total chaos, Emma spilled cereal everywhere right as we were about to leave and then we got stuck behind a garbage truck the whole way to school so we were late again. finally got five minutes to sit down and saw your message about brunch this weekend, I'm so in, just tell me what time works and I'll figure out childcare somehow. also did you end up talking to your sister about the trip, I'm dying to know what she said, call me when you get a sec.",
84,N01_027,N01,Is the customer asking for a refund (their money back)?,true | false,"lol this robot toy died after like 2 days, can i just get my money back instead of another one that's prob gonna break too",
85,N02_036,N02,Does the text contain personal data that identifies or contacts a specific private individual?,true | false,"Requesting to switch my appointment from the afternoon slot to a morning one if anything opens up this week. The current time conflicts with a recurring meeting I can't move without significant advance notice. No preference on which day works, just needs to be before 11am, and I can be flexible on which provider I see if that helps with scheduling.",
86,N08_055,N08,Is the user asking to talk to a human agent?,true | false,"I am calling because my phone plan was changed without my permission last week, and now I am paying more money for less data than before. I try to fix this in the app three time but nothing change. This is very important for me because I need my phone for my job, so please, I want to talk with a real person who can change it back today.",
87,N04_034,N04,Is the claim fully supported by the source?,true | false,"source: I was most pleased to read in the quarterly bulletin that researchers at the Amberfield Botanical Institute have successfully identified a previously unknown species of orchid growing in the highland forests near Camden Ridge. The species, which has been given the name Ophrys camdenensis in honour of its discovery location, is reported to bloom only during a narrow window in early spring, a trait the botanists believe may explain why it evaded formal documentation for so long.
claim: Researchers at the Amberfield Botanical Institute discovered a new orchid species.",
88,S04_037,S04,"What audience is this explanation written for, based on its technical complexity?","0 = For a young child: everyday words and analogies, no technical terms | 1 = For a general adult audience: a few technical terms, each explained | 2 = For a knowledgeable hobbyist or student: uses field terminology without explaining the basics | 3 = For experts: dense jargon, formulas or specialized notation, assumes deep background","Okay but doesn't it just melt your brain a little that the primary bow sits at ~42° from the antisolar point because of minimized angular deviation from two refractions and one internal reflection, per Descartes' ray-tracing solution to Snell's law?",
89,N09_051,N09,Do these meeting notes assign a specific task to a specific person?,true | false,"Funny, this whole redesign thing reminds me of when I redid my own kitchen last year, everyone has opinions and nothing moves fast. We spent most of today going in circles about the header image, half the room wanting photos, half wanting illustrations, no real resolution there. But right before we wrapped up, Theo mentioned he'd already started building the new pricing page in the staging environment and said he'd have a working link to share with everyone by tomorrow afternoon, which honestly caught me off guard since I thought we were nowhere near that stage.",
90,S08_046,S08,What star rating does this review most likely correspond to?,"0 = 1 star: very negative; the product failed or is terrible; would not recommend | 1 = 2 stars: mostly negative with a minor positive | 2 = 3 stars: mixed or mediocre; pros and cons balance out | 3 = 4 stars: mostly positive with minor complaints | 4 = 5 stars: enthusiastic, no real complaints","I acquired this blender to replace one that had served my kitchen faithfully for over a decade, and I confess I am rather disappointed in the comparison. Within the first fortnight, the motor began emitting a burning odor after only a minute or two of use, which alarmed me enough to unplug it each time. The pitcher's lid does not seat properly, resulting in spillage onto the counter with nearly every use. I have returned to my late husband's old model, which, despite its age, continues to outperform this one considerably. I cannot in good conscience suggest this purchase to my friends at the garden club.",
91,N04_028,N04,Is the claim fully supported by the source?,true | false,"source: A cold front will move through the region Tuesday night, dropping temperatures from the upper 60s to the low 40s by Wednesday morning. Skies will remain mostly clear, with only a slight chance of light showers early Wednesday. Winds will shift out of the north at 10 to 15 mph behind the front.
claim: Heavy rain is expected across the region Wednesday morning.",
92,S01_021,S01,How severe is the reported bug?,"0 = Cosmetic: a visual or wording problem; functionality is unaffected | 1 = Minor: a feature misbehaves in an edge case or is inconvenient, and an easy workaround exists | 2 = Major: a core feature is broken or gives wrong results for many users; workarounds are painful or partial | 3 = Critical: crash, data loss, security hole, or the whole product is unusable, with no workaround","My father, bless him, insisted his new OrbitWatch could track his heart rate perfectly during his morning walks, so naturally I set the whole thing up for him last week. Two days ago it simply stopped turning on entirely, right after a routine firmware update pushed overnight, screen completely black, and neither the side-button reset nor an overnight charge on the dock has brought it back to life since.",
93,N04_043,N04,Is the claim fully supported by the source?,true | false,"source: The end-of-term report from Bellmoor Preparatory School indicates that some students in the tenth-grade cohort showed measurable improvement in essay-writing scores following the introduction of a revised writing curriculum this term, with the largest gains concentrated among students who attended the optional weekly writing workshop. Students who did not attend the workshop showed little to no measurable change in scores.
claim: All tenth-grade students showed measurable improvement in essay-writing scores this term.",
94,T01_132,T01,"How bullish or bearish is this tweet about the stock mentioned, considering both the author's view and the news it reports?","0 = Strongly bearish: the author's view or the reported news points clearly to a large fall (selling, shorting, severe bad news) | 1 = Mildly bearish: leans negative; suggests some decline or underperformance | 2 = Neutral: no directional implication (routine or in-line news, balanced views, or undecided) | 3 = Mildly bullish: leans positive; suggests some gains | 4 = Strongly bullish: the author's view or the reported news points clearly to a large rise (buying heavily, hype, major good news)","so the FDA just approved $AURP's lead drug for full marketing authorization, ahead of the review deadline too. new to investing but even I know this is huge, put in a bigger order than I usually would",
95,N01_005,N01,Is the customer asking for a refund (their money back)?,true | false,"don't need money back for the tickets, just move us to the Friday show instead of Saturday since her game got rescheduled, thanks!",
96,N09_037,N09,Do these meeting notes assign a specific task to a specific person?,true | false,"Another fundraiser meeting, another hour I won't get back. We debated three different venue options with the enthusiasm of people choosing a root canal, landed on none of them. Somebody suggested a raffle, somebody else suggested a silent auction, both were met with the same noncommittal maybe. No volunteers, no deadlines, no decisions, just a shared understanding that we'll discuss it more next time, whenever that is.",
97,S10_031,S10,How experienced in the hobby is the person who wrote this post?,"0 = Complete beginner: brand new, does not know basic terminology | 1 = Novice: knows a few basic terms but struggles with fundamentals | 2 = Advanced beginner: understands the basics and is learning to apply them | 3 = Intermediate: comfortable with core techniques, working on refinement | 4 = Advanced amateur: deep technical knowledge, specialized equipment, consistent results | 5 = Semi-professional: occasionally paid for the work, discusses workflow and clients | 6 = Seasoned expert: many years of experience, teaches others, industry-level nuance","Working through my opening repertoire homework this week:
- Reviewed the main lines of the Italian Game and can reach a decent middlegame now
- Still blundering pieces when I try to calculate more than two moves ahead
- Started applying basic pawn structure principles instead of just grabbing material
- Lost twice today by forgetting to check for back-rank threats before castling",
98,N10_051,N10,Has the main event described in the text already taken place?,true | false,"Contrary to the swirl of speculation that had built up across industry forums over the past month — much of it fueled by an anonymous supplier who claimed the entire product line had been quietly killed after a failed internal review — the company did not, in fact, scrap the launch, and the flagship model shipped to its first wave of retail partners this past Wednesday exactly as the original roadmap from eight months ago had outlined. The rumors had been detailed enough to seem credible: specific claims about a canceled manufacturing contract, an internal memo supposedly leaked describing the project as 'on indefinite hold,' and even a purported photo of unused packaging being scrapped at a facility overseas. None of it, according to the company's own detailed statement issued alongside the launch, reflected what was actually happening internally, where the team had in fact been in the final stages of manufacturing ramp-up the entire time the rumors were circulating. Retailers who received early shipments confirmed receiving units on the originally communicated timeline, with several posting unboxing content within hours of the trucks arriving at their distribution centers. The company's chief product officer addressed the rumors directly in a launch-day interview, noting that the supplier at the center of the leaks had, as it turned out, been dropped from the project months earlier over an unrelated contract dispute and had no visibility into the manufacturing status by the time the claims began circulating. Customer response over the launch weekend was strong enough that two of the four color variants sold through their initial allocation within the first thirty-six hours, according to sales figures the company shared with press on Monday, effectively closing the book on a rumor cycle that, in hindsight, had gotten almost everything about the situation backward.",
99,N07_038,N07,Does the review mention a problem with shipping or delivery?,true | false,"Let me walk through the timeline in full, since I think it's relevant context: the order confirmation quoted an estimate of five business days, which felt reasonable for a paperback shipped domestically, and for the first four days the tracking updated normally, moving through two intermediate facilities as expected. On day five, however, the tracking simply stopped, no scans, no updates, nothing, and it stayed frozen in that state for an additional eleven days before a single new scan appeared showing the book had, for reasons never explained, been routed to a center in a different state entirely before finally correcting course and reaching my mailbox sixteen days after the original estimate.",